<?xml version="1.0" encoding="UTF-8" standalone="yes"?>
<jmeld>
    <editor>
        <showLineNumbers>false</showLineNumbers>
        <tabSize>4</tabSize>
        <ignore>
            <ignoreWhitespaceAtBegin>false</ignoreWhitespaceAtBegin>
            <ignoreWhitespaceInBetween>false</ignoreWhitespaceInBetween>
            <ignoreWhitespaceAtEnd>false</ignoreWhitespaceAtEnd>
            <ignoreEOL>false</ignoreEOL>
            <ignoreBlankLines>false</ignoreBlankLines>
            <ignoreCase>false</ignoreCase>
            <ignore>false</ignore>
        </ignore>
        <leftsideReadonly>true</leftsideReadonly>
        <rightsideReadonly>true</rightsideReadonly>
        <customFont>false</customFont>
        <antialias>false</antialias>
        <defaultFileEncodingEnabled>false</defaultFileEncodingEnabled>
        <detectFileEncodingEnabled>false</detectFileEncodingEnabled>
        <specificFileEncodingEnabled>true</specificFileEncodingEnabled>
        <specificFileEncodingName>UTF-8</specificFileEncodingName>
        <toolbarButtonIcon>LARGE</toolbarButtonIcon>
        <toolbarButtonTextEnabled>true</toolbarButtonTextEnabled>
    </editor>
    <filter>
        <filters name="default">
            <rules description="Temporary files" rule="excludes" pattern="**/*~" active="true"/>
            <rules description="Temporary files" rule="excludes" pattern="**/#*#" active="true"/>
            <rules description="Temporary files" rule="excludes" pattern="**/.#*" active="true"/>
            <rules description="Temporary files" rule="excludes" pattern="**/%*%" active="true"/>
            <rules description="Temporary files" rule="excludes" pattern="**/._*" active="true"/>
            <rules description="Versioncontrol" rule="excludes" pattern="**/.svn" active="true"/>
            <rules description="Versioncontrol" rule="excludes" pattern="**/.svn/**" active="true"/>
            <rules description="Versioncontrol" rule="excludes" pattern="**/CVS" active="true"/>
            <rules description="Versioncontrol" rule="excludes" pattern="**/CVS/**" active="true"/>
            <rules description="Versioncontrol" rule="excludes" pattern="**/SCCS" active="true"/>
            <rules description="Versioncontrol" rule="excludes" pattern="**/SCCS/**" active="true"/>
            <rules description="Versioncontrol" rule="excludes" pattern="**/vssver.scc" active="true"/>
            <rules description="Versioncontrol" rule="excludes" pattern="**/.SYNC" active="true"/>
            <rules description="Mac" rule="excludes" pattern="**/.DS_Store" active="true"/>
            <rules description="Media" rule="excludes" pattern="**/.jpg" active="true"/>
            <rules description="Media" rule="excludes" pattern="**/.gif" active="true"/>
            <rules description="Media" rule="excludes" pattern="**/.png" active="true"/>
            <rules description="Media" rule="excludes" pattern="**/.wav" active="true"/>
            <rules description="Media" rule="excludes" pattern="**/.mp3" active="true"/>
            <rules description="Media" rule="excludes" pattern="**/.ogg" active="true"/>
            <rules description="Media" rule="excludes" pattern="**/.xcf" active="true"/>
            <rules description="Media" rule="excludes" pattern="**/.xpm" active="true"/>
            <rules description="Binaries" rule="excludes" pattern="**/.pyc" active="true"/>
            <rules description="Binaries" rule="excludes" pattern="**/.a" active="true"/>
            <rules description="Binaries" rule="excludes" pattern="**/.obj" active="true"/>
            <rules description="Binaries" rule="excludes" pattern="**/.o" active="true"/>
            <rules description="Binaries" rule="excludes" pattern="**/.so" active="true"/>
            <rules description="Binaries" rule="excludes" pattern="**/.la" active="true"/>
            <rules description="Binaries" rule="excludes" pattern="**/.lib" active="true"/>
            <rules description="Binaries" rule="excludes" pattern="**/.dll" active="true"/>
            <rules description="Java" rule="excludes" pattern="**/*.class" active="true"/>
            <rules description="Java" rule="excludes" pattern="**/*.jar" active="true"/>
        </filters>
    </filter>
    <folder>
        <view>packageView</view>
        <onlyLeft>true</onlyLeft>
        <leftRightChanged>true</leftRightChanged>
        <onlyRight>false</onlyRight>
        <leftRightUnChanged>false</leftRightUnChanged>
    </folder>
</jmeld>
